_id,Date Time,profile,company,Location,Start Date,Stipend,Duration,Apply by Date,Offer,Skills and Perks
5f9fcc3aafb880e3b8804e2c,2020-11-02 14:37:05,Document Formatting/Editing,IIT Bombay,Work From Home,Immediately, 1000 /month +  Incentives,6 Months,"12 Nov' 20",Internship,"[""HTML"",""CSS"",""Certificate"","" Letter of recommendation"","" Flexible work hours"","" 5 days a week""]"
5f9fcc3bafb880e3b8804e2d,2020-11-02 14:37:06,Web Development (MERN) Node.js,WedMePlz,Work From Home,Immediately, 5000 /month,4 Months,"16 Nov' 20",Internship,"[""MySQL"",""Python"",""Node.js"",""Express.js"",""ReactJS"",""Certificate"","" Letter of recommendation"","" Flexible work hours""]"
5f9fcc3cafb880e3b8804e2e,2020-11-02 14:37:07,Business Development (Sales),Trugo Consultancy Services Private Limited,Work From Home,Immediately, 10000 /month,1 Month,"16 Nov' 20",Internship,"[""Social Media Marketing"",""Google Analytics"",""Digital Marketing"",""Salesforce"",""Email Marketing"",""Certificate"","" Letter of recommendation"","" Flexible work hours"","" 5 days a week""]"
5f9fcc3dafb880e3b8804e2f,2020-11-02 14:37:08,Content Writing,Hospet.online,Work From Home,Immediately, 7000 /month,2 Months,"16 Nov' 20",Internship,"[""MS-Word"",""Certificate"","" Letter of recommendation"","" Flexible work hours""]"
5f9fcc3eafb880e3b8804e30,2020-11-02 14:37:09,Content Writing,M Streme,Work From Home,Immediately, 1000 /month,2 Months,"16 Nov' 20",Internship,"[""English Proficiency (Written)"",""Certificate"","" Flexible work hours""]"
5f9fcc3fafb880e3b8804e31,2020-11-02 14:37:10,Logo Design,MedBound,Work From Home,Immediately, 5000 lump sum,2 Weeks,"16 Nov' 20",Internship,"[""Certificate"","" Letter of recommendation"","" Flexible work hours"","" 5 days a week""]"
5f9fcc40afb880e3b8804e32,2020-11-02 14:37:11,Digital Marketing,Coverage Gifts Trading LLC,Work From Home,Immediately, 3000 /month,2 Months,"16 Nov' 20",Internship,"[""Digital Marketing"",""Certificate"","" Letter of recommendation"","" Flexible work hours"","" 5 days a week""]"
5f9fcc41afb880e3b8804e33,2020-11-02 14:37:12,Research,Solve Foundation,Work From Home,Immediately,Unpaid,2 Months,"16 Nov' 20",Internship,"[""Certificate""]"
5f9fcc42afb880e3b8804e34,2020-11-02 14:37:13,Outreach Coordination,Solve Foundation,Delhi,Immediately,Unpaid,2 Weeks,"15 Nov' 20",Internship,"[""Certificate""]"
5f9fcc43afb880e3b8804e35,2020-11-02 14:37:14,YouTube Marketing,Solve Foundation,Work From Home,Immediately,Unpaid,2 Weeks,"15 Nov' 20",Internship,"[""Certificate""]"
5f9fcc44afb880e3b8804e36,2020-11-02 14:37:15,YouTube Marketing,Solve Foundation,Delhi,Immediately,Unpaid,2 Weeks,"15 Nov' 20",Internship,"[""Certificate""]"
5f9fcc44afb880e3b8804e37,2020-11-02 14:37:16,Social Media Marketing,Solve Foundation,Work From Home,Immediately,Unpaid,3 Months,"15 Nov' 20",Internship,"[""Certificate""]"
5f9fcc45afb880e3b8804e38,2020-11-02 14:37:16,Outreach Coordination,Solve Foundation,Work From Home,Immediately,Unpaid,2 Weeks,"15 Nov' 20",Internship,"[""Certificate""]"
5f9fcc46afb880e3b8804e39,2020-11-02 14:37:17,Human Resources (HR),Simplified Europe,Work From Home,Immediately, 4000 /month,1 Month,"15 Nov' 20",Internship,"[""Accounting"",""MS-Excel"",""English Proficiency (Spoken)"",""English Proficiency (Written)"",""Certificate"","" Letter of recommendation"","" Flexible work hours"","" 5 days a week""]"
5f9fcc47afb880e3b8804e3a,2020-11-02 14:37:18,Web Development,Graphic Chef,Work From Home,Immediately, 400 /month,2 Months,"15 Nov' 20",Internship,"[""HTML"",""CSS"",""Bootstrap"",""Django"",""Certificate"","" Flexible work hours"","" 5 days a week""]"
5f9fcc47afb880e3b8804e3b,2020-11-02 14:37:19,Backend Development (Advanced NodeJs/ExpressJs),AVLON GmbH,Work From Home,Immediately, 22000-24000 /month,3 Months,"15 Nov' 20",Internship,"[""Node.js"",""REST API"",""ReactJS"",""Google Cloud Computing"",""Certificate"","" Letter of recommendation"","" Flexible work hours""]"
5f9fcc48afb880e3b8804e3c,2020-11-02 14:37:19,Web Development,Green Canvas,Work From Home,Immediately, 14000 /month,2 Months,"15 Nov' 20",Internship,"[""HTML"",""Certificate"","" Letter of recommendation"","" Flexible work hours"","" 5 days a week""]"
5f9fcc49afb880e3b8804e3d,2020-11-02 14:37:20,Data Analytics,Simplified Europe,Work From Home,Immediately, 4000 /month,1 Month,"15 Nov' 20",Internship,"[""Python"",""SAS"",""Data Analytics"",""Statistical Modeling"",""STATA"",""R Programming"",""Data Science"",""Certificate"","" Letter of recommendation"","" Flexible work hours"","" 5 days a week""]"
5f9fcc4aafb880e3b8804e3e,2020-11-02 14:37:21,Data Science,Green Canvas,Work From Home,Immediately, 19500 /month,2 Months,"15 Nov' 20",Internship,"[""Certificate"","" Letter of recommendation"","" Flexible work hours"","" 5 days a week""]"
5f9fcc4bafb880e3b8804e3f,2020-11-02 14:37:22,Business Research,Simplified Europe,Work From Home,Immediately, 1200 /month,1 Month,"15 Nov' 20",Internship,"[""Java"",""Python"",""Data Analytics"",""Machine Learning"",""Certificate"","" Letter of recommendation"","" Flexible work hours"","" 5 days a week""]"
5f9fcc4cafb880e3b8804e40,2020-11-02 14:37:23,Web Development,Looxdo,Work From Home,Immediately, 4000-8000 /month,3 Months,"15 Nov' 20",Internship,"[""Adobe Photoshop"",""WordPress"",""Certificate"","" Letter of recommendation""]"
5f9fcc4dafb880e3b8804e41,2020-11-02 14:37:24,Digital Marketing,Looxdo,Work From Home,Immediately, 3000-8000 /month,3 Months,"15 Nov' 20",Internship,"[""Blogging"",""Google Analytics"",""Search Engine Marketing (SEM)"",""Search Engine Optimization (SEO)"",""Facebook Marketing"",""Certificate"","" Letter of recommendation""]"
5f9fcc4eafb880e3b8804e42,2020-11-02 14:37:25,Human Resources (HR),Artify,Work From Home,Immediately, 4000 lump sum,4 Months,"15 Nov' 20",Internship,"[""English Proficiency (Spoken)"",""Certificate"","" Letter of recommendation"","" Flexible work hours""]"
5f9fcc4eafb880e3b8804e43,2020-11-02 14:37:26,Graphic Design,Coverage Gifts Trading LLC,Work From Home,Immediately, 7000 /month,3 Months,"14 Nov' 20",Internship,"[""Adobe Photoshop"",""Adobe Illustrator"",""Adobe After Effects"",""Flexible work hours"","" 5 days a week""]"
5f9fcc50afb880e3b8804e44,2020-11-02 14:37:26,Web Development,Rechord.ai,Work From Home,Immediately, 5000-7000 /month,3 Months,"14 Nov' 20",Internship,"[""HTML"",""CSS"",""JavaScript"",""Node.js"",""ReactJS"",""Firebase"",""Certificate"","" Letter of recommendation"","" Flexible work hours""]"
5f9fcc50afb880e3b8804e45,2020-11-02 14:37:28,Web Development,Rechord.ai,Work From Home,Immediately, 5000-7000 /month,3 Months,"14 Nov' 20",Internship,"[""Certificate"","" Letter of recommendation"","" Flexible work hours""]"
5f9fcc51afb880e3b8804e46,2020-11-02 14:37:28,Operational Accountancy,Lloyd Harrington Australia Proprietary Limited,Work From Home,Immediately, 7000 /month,6 Months,"5 Dec' 20",Internship,"[""Accounting"",""Tally"",""MS-Excel"",""Financial Modeling"",""Certificate"","" Letter of recommendation"","" Flexible work hours""]"
5f9fcc53afb880e3b8804e47,2020-11-02 14:37:29,Content Writing,House Of Brilliance Ventures LLP,Work From Home,Immediately, 3000-5000 /month,1 Month,"14 Nov' 20",Internship,"[""Blogging"",""Creative Writing"",""English Proficiency (Spoken)"",""English Proficiency (Written)"",""Certificate"","" Letter of recommendation"","" Flexible work hours""]"
5f9fcc54afb880e3b8804e48,2020-11-02 14:37:31,Digital Marketing,PNK Company,Work From Home,Immediately, 3000 /month,6 Months,"14 Nov' 20",Internship,"[""Blogging"",""Digital Marketing"",""Search Engine Optimization (SEO)"",""Certificate"","" Letter of recommendation"","" Flexible work hours"","" 5 days a week""]"
5f9fcc55afb880e3b8804e49,2020-11-02 14:37:32,Teacher Program Coordination,Solve Foundation,Work From Home,Immediately,Unpaid,3 Months,"14 Nov' 20",Internship,"[""Certificate""]"
5f9fcc55afb880e3b8804e4a,2020-11-02 14:37:33,Content Writing,Mahabeer,Work From Home,Immediately, 1000 /month,1 Month,"14 Nov' 20",Internship,"[""English Proficiency (Written)"",""Certificate"","" Flexible work hours""]"
5f9fcc56afb880e3b8804e4b,2020-11-02 14:37:33,Business Development (Sales),AIMAKERY™ LONDON (UK),Work From Home,Immediately, 20000-30000 /month,3 Months,"14 Nov' 20",Internship,"[""Social Media Marketing"",""Search Engine Marketing (SEM)"",""Digital Marketing"",""Facebook Marketing"",""Email Marketing"",""Instagram Marketing"",""Certificate"","" Letter of recommendation"","" Flexible work hours""]"
5f9fcc57afb880e3b8804e4c,2020-11-02 14:37:34,Human Resources (HR),AIMAKERY™ LONDON (UK),Work From Home,Immediately, 8000 /month +  Incentives,3 Months,"14 Nov' 20",Internship,"[""Certificate"","" Letter of recommendation"","" Flexible work hours""]"
5f9fcc58afb880e3b8804e4d,2020-11-02 14:37:35,Project Management,Solve Foundation,Work From Home,Immediately,Unpaid,6 Months,"14 Nov' 20",Internship,"[""Certificate""]"
5f9fcc58afb880e3b8804e4e,2020-11-02 14:37:36,Partnerships And Alliances Management,Brain Change,Work From Home,Immediately, 10000 /month,3 Months,"13 Nov' 20",Internship,"[""Certificate"","" Letter of recommendation"","" Flexible work hours"","" 5 days a week""]"
5f9fcc59afb880e3b8804e4f,2020-11-02 14:37:36,Content Writing,Brain Change,Work From Home,Immediately, 10000 /month,3 Months,"13 Nov' 20",Internship,"[""Creative Writing"",""Articulate Storyline"",""Certificate"","" Letter of recommendation"","" Flexible work hours"","" 5 days a week""]"
5f9fcc5aafb880e3b8804e50,2020-11-02 14:37:37,Marketing,Algoleap Technologies,Work From Home,Immediately, 15000 /month,1 Month,"13 Nov' 20",Internship,"[""Certificate"","" Letter of recommendation""]"
5f9fcc5bafb880e3b8804e51,2020-11-02 14:37:38,Mobile App Development,"PageHits, Inc.",Work From Home,Immediately, 5000 /month +  Incentives,6 Months,"13 Nov' 20",Internship,"[""JavaScript"",""React Native"",""ReactJS"",""Certificate"","" Letter of recommendation"","" 5 days a week""]"
5f9fcc5dafb880e3b8804e52,2020-11-02 14:37:39,Mobile App Development,WorkClub,Work From Home,Immediately, 35000 /month,3 Months,"13 Nov' 20",Internship,"[""React Native"",""Amazon Web Services (AWS)"",""Certificate"","" Letter of recommendation"","" Flexible work hours"","" 5 days a week""]"
5f9fcc5eafb880e3b8804e53,2020-11-02 14:37:41,Web Development,AIMAKERY™ LONDON (UK),Work From Home,Immediately, 5000-10000 /month,6 Months,"13 Nov' 20",Internship,"[""Social Media Marketing"",""WordPress"",""Blockchain"",""Certificate"","" Letter of recommendation"","" Flexible work hours""]"
5f9fcc64afb880e3b8804e54,2020-11-02 14:37:46,Mobile App Development,"PageHits, Inc.",Work From Home,Immediately, 5000 /month +  Incentives,6 Months,"13 Nov' 20",Internship,"[""JavaScript"",""React Native"",""ReactJS"",""Certificate"","" Letter of recommendation"","" 5 days a week""]"
5f9fcc65afb880e3b8804e55,2020-11-02 14:37:48,Mobile App Development,WorkClub,Work From Home,Immediately, 35000 /month,3 Months,"13 Nov' 20",Internship,"[""React Native"",""Amazon Web Services (AWS)"",""Certificate"","" Letter of recommendation"","" Flexible work hours"","" 5 days a week""]"
5f9fcc66afb880e3b8804e56,2020-11-02 14:37:49,Web Development,AIMAKERY™ LONDON (UK),Work From Home,Immediately, 5000-10000 /month,6 Months,"13 Nov' 20",Internship,"[""Social Media Marketing"",""WordPress"",""Blockchain"",""Certificate"","" Letter of recommendation"","" Flexible work hours""]"
5f9fcc67afb880e3b8804e57,2020-11-02 14:37:50,Search Engine Optimization (SEO),AIMAKERY™ LONDON (UK),Work From Home,Immediately, 5000-10000 /month,3 Months,"13 Nov' 20",Internship,"[""Social Media Marketing"",""Search Engine Marketing (SEM)"",""Digital Marketing"",""Search Engine Optimization (SEO)"",""English Proficiency (Written)"",""Certificate"","" Letter of recommendation"","" Flexible work hours""]"
5f9fcc68afb880e3b8804e58,2020-11-02 14:37:51,Web Development,Exam-Practice,Work From Home,Immediately, 6000 /month,3 Months,"13 Nov' 20",Internship,"[""HTML"",""CSS"",""JavaScript"",""Node.js"",""REST API"",""ReactJS"",""Firebase"",""Certificate"","" Letter of recommendation"","" Flexible work hours"","" 5 days a week""]"
5f9fcc69afb880e3b8804e59,2020-11-02 14:37:52,Web Development,Exam-Practice,Work From Home,Immediately, 10000 /month,1 Month,"13 Nov' 20",Internship,"[""HTML"",""CSS"",""JavaScript"",""Node.js"",""REST API"",""ReactJS"",""Firebase"",""Certificate"","" Letter of recommendation"","" Flexible work hours"","" 5 days a week""]"
5f9fcc69afb880e3b8804e5a,2020-11-02 14:37:53,Front-end Web Development (Advanced React/Redux),AVLON GmbH,Work From Home,Immediately, 20000-24000 /month,3 Months,"13 Nov' 20",Internship,"[""Node.js"",""Amazon Web Services (AWS)"",""ReactJS"",""Redux"",""Certificate"","" Letter of recommendation"","" Flexible work hours""]"
5f9fcc6aafb880e3b8804e5b,2020-11-02 14:37:53,Cloud Development MERN Advanced,AVLON GmbH,Work From Home,Immediately, 24000-28000 /month,3 Months,"13 Nov' 20",Internship,"[""Node.js"",""REST API"",""Amazon Web Services (AWS)"",""ReactJS"",""Certificate"","" Letter of recommendation"","" Flexible work hours""]"
5f9fcc6bafb880e3b8804e5c,2020-11-02 14:37:54,Photography,Green Canvas,Work From Home,Immediately, 4000 /month,2 Months,"13 Nov' 20",Internship,"[""Video Editing"",""Photography"",""Video Making"",""Certificate"","" Letter of recommendation"","" Flexible work hours"","" 5 days a week""]"
5f9fcc6cafb880e3b8804e5d,2020-11-02 14:37:55,Graphic Design,Social Spil,Work From Home,Immediately, 15000-20000 /month,3 Months,"13 Nov' 20",Internship,"[""Adobe Photoshop"",""Certificate"","" Letter of recommendation"","" Flexible work hours"","" 5 days a week""]"
5f9fcc6dafb880e3b8804e5e,2020-11-02 14:37:56,Market Research Analysis,Strategy Here,Work From Home,Immediately, 20000 /month,3 Months,"13 Nov' 20",Internship,"[""Certificate"","" Letter of recommendation"","" Flexible work hours"","" 5 days a week""]"
5f9fcc6eafb880e3b8804e5f,2020-11-02 14:37:57,Content Writing,Lloyd Harrington Australia Proprietary Limited,Work From Home,Immediately, 7000 /month,6 Months,"3 Dec' 20",Internship,"[""Social Media Marketing"",""Search Engine Marketing (SEM)"",""Search Engine Optimization (SEO)"",""Creative Writing"",""English Proficiency (Written)"",""Certificate"","" Letter of recommendation"","" Flexible work hours""]"
5f9fcc6fafb880e3b8804e60,2020-11-02 14:37:58,Digital Marketing,Navigus,Work From Home,Immediately, 10000 /month,6 Months,"12 Nov' 20",Internship,"[""Social Media Marketing"",""Digital Marketing"",""Search Engine Optimization (SEO)"",""Certificate""]"
5f9fcc70afb880e3b8804e61,2020-11-02 14:37:59,Business Development (Sales),IPRIMED Education Solutions Private Limited,Work From Home,Immediately, 12000 /month,3 Months,"12 Nov' 20",Internship,"[""MS-Excel"",""Certificate"","" Letter of recommendation"","" Flexible work hours""]"
5f9fcc71afb880e3b8804e62,2020-11-02 14:38:00,International Business Development,Futur Educoz,Ahmedabad,Immediately, 2000 /month +  Incentives,3 Months,"12 Nov' 20",Internship with job offer,"[""Digital Marketing"",""Certificate"","" Letter of recommendation"","" Flexible work hours"","" Job offer""]"
5f9fcc71afb880e3b8804e63,2020-11-02 14:38:01,Marketing,Adbits Private Limited,Work From Home,Immediately, 7000 /month,3 Months,"12 Nov' 20",Internship,"[""MS-Word"",""MS-Excel"",""Certificate"","" Letter of recommendation""]"
5f9fcc72afb880e3b8804e64,2020-11-02 14:38:01,Political Research,She The Pwr,Work From Home,Immediately,Unpaid,4 Months,"12 Nov' 20",Internship,"[""Certificate"","" Letter of recommendation"","" Flexible work hours""]"
5f9fcc73afb880e3b8804e65,2020-11-02 14:38:02,Web Development,ECOFY Inc.,Work From Home,Immediately, 15000 /month,6 Months,"12 Nov' 20",Internship,"[""PHP"",""HTML"",""JavaScript"",""XML"",""UI & UX Design"",""Letter of recommendation"","" 5 days a week""]"
5f9fcc74afb880e3b8804e66,2020-11-02 14:38:03,Business Development (Sales),Witing World,Work From Home,Immediately, 1000 /month,2 Weeks,"12 Nov' 20",Internship,"[""Certificate"","" Letter of recommendation"","" Flexible work hours""]"
5f9fcc75afb880e3b8804e67,2020-11-02 14:38:04,Business Development (Sales),Delta Tech,Work From Home,Immediately, 2000 /month,4 Months,"12 Nov' 20",Internship,"[""Certificate"","" Letter of recommendation"","" Flexible work hours""]"
5f9fcc76afb880e3b8804e68,2020-11-02 14:38:05,Marketing,CeeChat,Work From Home,Immediately, 5000 /month,2 Months,"12 Nov' 20",Internship,"[""Certificate""]"
5f9fcc77afb880e3b8804e69,2020-11-02 14:38:06,Graphic Design,Lloyd Harrington Australia Proprietary Limited,Work From Home,Immediately, 7000 /month,6 Months,"3 Dec' 20",Internship,"[""Adobe Photoshop"",""Adobe Creative Suite"",""Adobe Dreamweaver"",""User Interface (UI) Development"",""UI & UX Design"",""Adobe After Effects"",""Certificate"","" Letter of recommendation"","" Flexible work hours""]"
5f9fcc77afb880e3b8804e6a,2020-11-02 14:38:07,Human Resources (HR),Lloyd Harrington Australia Proprietary Limited,Work From Home,Immediately, 7000 /month,6 Months,"3 Dec' 20",Internship,"[""MS-Office"",""English Proficiency (Spoken)"",""Certificate"","" Flexible work hours""]"
5f9fcc78afb880e3b8804e6b,2020-11-02 14:38:07,Full Stack Development,Lloyd Harrington Australia Proprietary Limited,Work From Home,Immediately, 7000 /month,6 Months,"3 Dec' 20",Internship,"[""Java"",""HTML"",""JavaScript"",""Python"","".NET"",""AJAX"",""SQL"",""XML"",""Django"",""AngularJS"",""User Interface (UI) Development"",""Wireframing"",""UI & UX Design"",""Hibernate (Java)"",""Spring MVC"",""JSON"",""SQLite"",""Certificate"","" Flexible work hours""]"
5f9fcc7aafb880e3b8804e6c,2020-11-02 14:38:08,Backend Development,Lloyd Harrington Australia Proprietary Limited,Work From Home,Immediately, 7000 /month,6 Months,"3 Dec' 20",Internship,"[""Java"",""JavaScript"",""Ruby on Rails"",""Python"","".NET"",""SQL"",""Machine Learning"",""SQLite"",""Artifical Intelligence"",""Certificate"","" Flexible work hours""]"
5f9fcc7bafb880e3b8804e6d,2020-11-02 14:38:10,Web Development,Cloudify,Work From Home,Immediately, 10000 /month,3 Months,"3 Dec' 20",Internship,"[""JavaScript"",""Algorithms"",""REST API"",""Certificate"","" Letter of recommendation"","" 5 days a week""]"
5f9fcc7bafb880e3b8804e6e,2020-11-02 14:38:11,Marketing,YourTailor.in,Work From Home,Immediately, 5000 /month +  Incentives,6 Months,"12 Nov' 20",Internship,"[""Facebook Marketing"",""Email Marketing"",""Fashion Designing"",""Flexible work hours""]"
5f9fcc7cafb880e3b8804e6f,2020-11-02 14:38:11,Front End Development,Lloyd Harrington Australia Proprietary Limited,Work From Home,Immediately, 7000 /month,6 Months,"2 Dec' 20",Internship,"[""HTML"",""CSS"",""JavaScript"",""jQuery"",""AJAX"",""AngularJS"",""User Interface (UI) Development"",""UI & UX Design"",""Certificate"","" Flexible work hours""]"
5f9fcc7dafb880e3b8804e70,2020-11-02 14:38:12,UI/UX Design,Lloyd Harrington Australia Proprietary Limited,Work From Home,Immediately, 7000 /month,6 Months,"2 Dec' 20",Internship,"[""HTML"",""CSS"",""User Interface (UI) Development"",""Wireframing"",""UI & UX Design"",""Adobe XD"",""Certificate"","" Flexible work hours""]"
5f9fcc7eafb880e3b8804e71,2020-11-02 14:38:13,Technical Recruitment (Computer Programming),Bluefox Technologies,Work From Home,Immediately, 7000 /month,6 Months,"11 Nov' 20",Internship,"[""Certificate"","" 5 days a week""]"
5f9fcc7fafb880e3b8804e72,2020-11-02 14:38:14,Content Writing,Aviaan,Work From Home,Immediately, 5000-10000 /month,3 Months,"11 Nov' 20",Internship,"[""Certificate"","" Letter of recommendation""]"
5f9fcc80afb880e3b8804e73,2020-11-02 14:38:15,Web Development,TrustServiceU2U,Work From Home,Immediately, 5000 /month,1 Month,"11 Nov' 20",Internship,"[""Certificate"","" Letter of recommendation"","" Flexible work hours"","" 5 days a week""]"
5f9fcc81afb880e3b8804e74,2020-11-02 14:38:16,Web Development,Deww Fedora Limited UK,Work From Home,Immediately, 2000 /month +  Incentives,3 Months,"11 Nov' 20",Internship,"[""PHP"",""HTML"",""CSS"",""JavaScript"",""WordPress"",""User Interface (UI) Development"",""UI & UX Design"",""Certificate"","" Letter of recommendation"","" Flexible work hours"","" 5 days a week""]"
5f9fcc82afb880e3b8804e75,2020-11-02 14:38:17,Social Media Marketing,Deww Fedora Limited UK,Work From Home,Immediately, 1000 /month,3 Months,"11 Nov' 20",Internship,"[""Social Media Marketing"",""Video Editing"",""Digital Marketing"",""Facebook Marketing"",""Video Making"",""Certificate"","" Letter of recommendation"","" Flexible work hours"","" 5 days a week""]"
5f9fcc82afb880e3b8804e76,2020-11-02 14:38:18,Content Writing,EManualOnline,Work From Home,Immediately, 90 /month,3 Months,"11 Nov' 20",Internship,"[""Copywriting"",""English Proficiency (Written)"",""Certificate"","" Letter of recommendation"","" Flexible work hours"","" 5 days a week""]"
5f9fcc83afb880e3b8804e77,2020-11-02 14:38:18,Creative Writing,NewsGram,Work From Home,Immediately, 10000 /month,2 Months,"11 Nov' 20",Internship,"[""Creative Writing"",""English Proficiency (Written)"",""Hindi Proficiency (Written)"",""Certificate"","" Letter of recommendation"","" Flexible work hours""]"
5f9fcc84afb880e3b8804e78,2020-11-02 14:38:19,Graphic Design,Witing World,Work From Home,Immediately, 1000 /month,1 Month,"11 Nov' 20",Internship,"[""Adobe Photoshop"",""Adobe Indesign"",""Certificate"","" Letter of recommendation"","" Flexible work hours""]"
5f9fcc85afb880e3b8804e79,2020-11-02 14:38:20,Rails App Development,Cicero,Work From Home,Immediately, 5500 /month,3 Months,"11 Nov' 20",Internship,"[""HTML"",""CSS"",""JavaScript"",""Ruby on Rails"",""PostgreSQL"",""Flexible work hours""]"
5f9fcc86afb880e3b8804e7a,2020-11-02 14:38:21,Business Development (Sales),Snapcut,Work From Home,Immediately, 10000 /month,3 Months,"11 Nov' 20",Internship,[]
5f9fcc86afb880e3b8804e7b,2020-11-02 14:38:22,Content Writing,Unique World Education,Work From Home,Immediately, 5000 /month,6 Months,"11 Nov' 20",Internship,"[""Certificate"","" Letter of recommendation"","" Flexible work hours""]"
5f9fcc89afb880e3b8804e7c,2020-11-02 14:38:24,Recruitment Consulting,Lloyd Harrington Australia Proprietary Limited,Work From Home,Immediately, 7000 /month,6 Months,"2 Dec' 20",Internship,"[""Recruitment"",""MS-Word"",""Email Marketing"",""MS-Excel"",""English Proficiency (Spoken)"",""English Proficiency (Written)"",""Certificate"","" Flexible work hours""]"
5f9fcc8aafb880e3b8804e7d,2020-11-02 14:38:25,Digital Marketing,Lloyd Harrington Australia Proprietary Limited,Work From Home,Immediately, 7000 /month,6 Months,"2 Dec' 20",Internship,"[""Digital Marketing"",""English Proficiency (Written)"",""Certificate"","" Flexible work hours""]"
5f9fcc8aafb880e3b8804e7e,2020-11-02 14:38:26,Content Writing,Arome Global,Work From Home,Immediately, 5000-7000 /month,6 Months,"11 Nov' 20",Internship,"[""Certificate""]"
5f9fcc8bafb880e3b8804e7f,2020-11-02 14:38:26,Front End Development,House Of Brilliance Ventures LLP,Work From Home,Immediately, 5000-8000 /month,1 Month,"10 Nov' 20",Internship,"[""JavaScript"",""ReactJS"",""Certificate"","" Letter of recommendation""]"
5f9fcc8cafb880e3b8804e80,2020-11-02 14:38:27,Content Writing,Delta Tech,Work From Home,Immediately, 2000 /month,4 Months,"10 Nov' 20",Internship,"[""English Proficiency (Written)"",""Certificate"","" Letter of recommendation"","" Flexible work hours""]"
5f9fcc8dafb880e3b8804e81,2020-11-02 14:38:28,Teaching Assistant (Data Science),American Institute Of Big Data Professionals,Work From Home,Immediately, 2000-4000 /month,2 Months,"10 Nov' 20",Internship,"[""Data Science"",""Certificate"","" Letter of recommendation"","" Flexible work hours""]"
5f9fcc8dafb880e3b8804e82,2020-11-02 14:38:29,Data Science,Anand Fabrics,Work From Home,Immediately, 1000 /month,4 Months,"10 Nov' 20",Internship,"[""JavaScript"",""Python"",""NoSQL"",""React Native"",""Amazon Web Services (AWS)"",""Certificate"","" Letter of recommendation"","" 5 days a week""]"
5f9fcc8eafb880e3b8804e83,2020-11-02 14:38:29,Machine Learning/Deep Learning,Anand Fabrics,Work From Home,Immediately, 1500 /month,4 Months,"10 Nov' 20",Internship,"[""Python"",""Data Science"",""Microsoft Azure"",""Amazon Web Services (AWS)"",""Certificate"","" Letter of recommendation"","" 5 days a week""]"
5f9fcc8fafb880e3b8804e84,2020-11-02 14:38:30,Machine Learning,Anand Fabrics,Work From Home,Nothing, 1500 /month,4 Months,"10 Nov' 20",Internship,"[""Python"",""Data Science"",""Microsoft Azure"",""Amazon Web Services (AWS)"",""Certificate"","" Letter of recommendation"","" 5 days a week""]"
5f9fcc90afb880e3b8804e85,2020-11-02 14:38:31,Web Development,Anand Fabrics,Work From Home,Nothing, 2500 /month,4 Months,"10 Nov' 20",Internship,"[""WordPress"",""React Native"",""ReactJS"",""Amazon Web Server (AWS)"",""Certificate"","" Letter of recommendation"","" 5 days a week""]"
5f9fcc92afb880e3b8804e86,2020-11-02 14:38:32,Web Development,American Institute Of Big Data Professionals,Work From Home,Immediately, 2000-4000 /month,2 Months,"10 Nov' 20",Internship,"[""HTML"",""CSS"",""JavaScript"",""jQuery"",""WordPress"",""Flexible work hours""]"
5f9fcc93afb880e3b8804e87,2020-11-02 14:38:34,Digital Marketing,Sierre Technologies,Work From Home,Immediately, 10000 /month,3 Months,"10 Nov' 20",Internship,"[""Letter of recommendation"","" Flexible work hours""]"
5f9fcc94afb880e3b8804e88,2020-11-02 14:38:35,Cyber Security (Lab Assistance),American Institute Of Big Data Professionals,Work From Home,Immediately, 2000-4000 /month,2 Months,"10 Nov' 20",Internship,"[""Web Application Security"",""Certificate"","" Letter of recommendation"","" Flexible work hours""]"
5f9fcc94afb880e3b8804e89,2020-11-02 14:38:36,Mobile App Development,Anand Fabrics,Work From Home,Immediately, 3000 /month,5 Months,"10 Nov' 20",Internship,"[""JavaScript"",""Python"",""Flutter"",""React Native"",""Amazon Web Services (AWS)"",""ReactJS"",""Letter of recommendation""]"
5f9fcc95afb880e3b8804e8a,2020-11-02 14:38:36,Content Writing,American Institute Of Big Data Professionals,Work From Home,Immediately, 2000-3000 /month,2 Months,"10 Nov' 20",Internship,"[""Digital Marketing"",""English Proficiency (Written)"",""Certificate"","" Letter of recommendation"","" Flexible work hours""]"
5f9fcc96afb880e3b8804e8b,2020-11-02 14:38:37,Volunteering,Solve Foundation,Work From Home,Immediately,Unpaid,2 Weeks,"10 Nov' 20",Internship,"[""Certificate""]"
5f9fcc97afb880e3b8804e8c,2020-11-02 14:38:38,Tutoring,Solve Foundation,Work From Home,Immediately,Unpaid,2 Months,"10 Nov' 20",Internship,"[""Certificate""]"
5f9fcc97afb880e3b8804e8d,2020-11-02 14:38:39,Telecalling,Solve Foundation,Work From Home,Immediately,Unpaid,2 Months,"10 Nov' 20",Internship,"[""Certificate""]"
5f9fcc98afb880e3b8804e8e,2020-11-02 14:38:39,Operations,Solve Foundation,Work From Home,Immediately,Unpaid,2 Months,"10 Nov' 20",Internship,"[""Certificate""]"
5f9fcc99afb880e3b8804e8f,2020-11-02 14:38:40,Social Media Marketing,Nidish LLC,Work From Home,Immediately, 4000 /month,3 Months,"10 Nov' 20",Internship,"[""Adobe Photoshop"",""Adobe Illustrator"",""Digital Marketing"",""Search Engine Optimization (SEO)"",""Certificate"","" Letter of recommendation"","" Flexible work hours""]"
5f9fcc9bafb880e3b8804e90,2020-11-02 14:38:41,Business Development (Sales),Nidish LLC,Work From Home,Immediately, 5000 /month,6 Months,"10 Nov' 20",Internship,"[""Adobe Photoshop"",""MS-PowerPoint"",""Certificate"","" Letter of recommendation"","" Flexible work hours""]"
5f9fcc9cafb880e3b8804e91,2020-11-02 14:38:43,Deep Learning Research For Algo Trading,Crowd Wisdom Trading,Work From Home,Immediately, 2000 /month,6 Months,"9 Nov' 20",Internship,"[""Machine Learning"",""C++ Programming"",""Deep Learning"",""Artifical Intelligence"",""Letter of recommendation"","" Flexible work hours""]"
5f9fcc9dafb880e3b8804e92,2020-11-02 14:38:44,Content Writing,Tutor Here,Work From Home,Immediately,Unpaid,3 Months,"9 Nov' 20",Internship,"[""WordPress"",""MS-Word"",""Search Engine Optimization (SEO)"",""Creative Writing"",""English Proficiency (Written)"",""Letter of recommendation"","" Flexible work hours""]"
5f9fcc9eafb880e3b8804e93,2020-11-02 14:38:45,Marketing,American Institute Of Big Data Professionals,Work From Home,Immediately, 2000-4000 /month,2 Months,"9 Nov' 20",Internship,"[""Social Media Marketing"",""Blogging"",""Certificate"","" Letter of recommendation""]"
5f9fcc9eafb880e3b8804e94,2020-11-02 14:38:46,Content Writing,KeenHour Digital,Work From Home,Immediately, 5000 /month,3 Months,"9 Nov' 20",Internship,"[""Creative Writing"",""English Proficiency (Written)"",""Certificate"","" Letter of recommendation"","" Flexible work hours"","" 5 days a week""]"
5f9fcc9fafb880e3b8804e95,2020-11-02 14:38:46,Computer Vision,CAST Technologies,Work From Home,Immediately, 5000-9000 /month,4 Months,"9 Nov' 20",Internship,"[""Cloud Computing"",""Python"",""Amazon Web Services (AWS)"",""Cloud Firestore"",""Amazon Web Server (AWS)"",""Google Cloud Computing"",""Certificate"","" Letter of recommendation"","" Flexible work hours"","" 5 days a week""]"
5f9fcca0afb880e3b8804e96,2020-11-02 14:38:47,Telesales,EMEA TECH HOUSE,Kolkata,Immediately, 7500 /month,3 Months,"9 Nov' 20",Internship,"[""Salesforce"",""English Proficiency (Spoken)"",""Certificate"","" Letter of recommendation"","" 5 days a week""]"
5f9fcca1afb880e3b8804e97,2020-11-02 14:38:48,Media & Public Relations (PR),Lloyd Harrington Australia Proprietary Limited,Work From Home,Immediately, 7000 /month,6 Months,"29 Nov' 20",Internship,"[""Social Media Marketing"",""Creative Writing"",""Report Writing"",""Client Relationship"",""English Proficiency (Written)"",""Certificate"","" Flexible work hours""]"
5f9fcca2afb880e3b8804e98,2020-11-02 14:38:49,Mobile App Development,Plootus,Work From Home,Immediately, 7500 /month,3 Months,"8 Nov' 20",Internship,"[""MySQL"",""Node.js"",""JSON"",""React Native"",""ReactJS"",""TypeScript"",""Redux"",""Letter of recommendation"","" Flexible work hours""]"
5f9fcca3afb880e3b8804e99,2020-11-02 14:38:50,iOS App Development,Morr Technologies,Work From Home,Immediately, 8000-15000 /month,3 Months,"8 Nov' 20",Internship,[]
5f9fcca4afb880e3b8804e9a,2020-11-02 14:38:51,Digital Marketing,Brain Change,Work From Home,Immediately, 25000 /month,1 Month,"8 Nov' 20",Internship,"[""Digital Marketing"",""Search Engine Optimization (SEO)"",""Certificate"","" Letter of recommendation"","" Flexible work hours"","" 5 days a week""]"
5f9fcca5afb880e3b8804e9b,2020-11-02 14:38:52,Content Writing,Techstory,Work From Home,Immediately, 6000 /month,6 Months,"8 Nov' 20",Internship,"[""English Proficiency (Written)"",""Certificate"","" Letter of recommendation"","" Flexible work hours""]"
5f9fcca6afb880e3b8804e9c,2020-11-02 14:38:53,Web Development,Marktechpost LLC,Work From Home,Immediately, 7000 /month,2 Months,"8 Nov' 20",Internship,"[""PHP"",""CSS"",""WordPress"",""Flexible work hours""]"
5f9fcca7afb880e3b8804e9d,2020-11-02 14:38:54,Retail Store Recommendation System Design,AT&C,Work From Home,Immediately, 5000 /month,6 Months,"8 Nov' 20",Internship,"[""Data Analytics"",""Mathematics"",""Machine Learning"",""Certificate"","" Letter of recommendation"","" Flexible work hours"","" 5 days a week""]"
5f9fcca7afb880e3b8804e9e,2020-11-02 14:38:55,Web Development,Alinea Invest,Work From Home,Immediately, 10000 /month,3 Months,"8 Nov' 20",Internship,"[""HTML"",""CSS"",""Node.js"",""ReactJS"",""TypeScript"",""Firebase""]"
5f9fcca8afb880e3b8804e9f,2020-11-02 14:38:55,Full Stack Development,Himalaya Labs,Work From Home,Immediately, 5000 /month,3 Months,"8 Nov' 20",Internship,"[""PHP"",""HTML"",""CorelDRAW"",""Adobe Illustrator"",""Adobe Dreamweaver"",""Bootstrap"",""Adobe Indesign"",""UI & UX Design"",""C++ Programming"",""ReactJS"",""Certificate""]"
5f9fccaaafb880e3b8804ea0,2020-11-02 14:38:56,Software Development,Himalaya Labs,Work From Home,Immediately, 5000 /month,3 Months,"8 Nov' 20",Internship,"[""Java"",""PHP"",""HTML"",""JavaScript"",""Ruby on Rails"",""Python"",""Adobe Photoshop"",""Bootstrap"",""Video Making"",""Adobe After Effects"",""Certificate""]"
5f9fccaaafb880e3b8804ea1,2020-11-02 14:38:58,Social Media Marketing,Green Canvas,Work From Home,Immediately, 2000 /month,2 Months,"8 Nov' 20",Internship,"[""Digital Signal Processing"",""Digital Marketing"",""Instagram Marketing"",""Certificate"","" Letter of recommendation"","" Flexible work hours"","" 5 days a week""]"
5f9fccabafb880e3b8804ea2,2020-11-02 14:38:58,Graphic Design,Green Canvas,Work From Home,Immediately, 2000 /month,2 Months,"8 Nov' 20",Internship,"[""Certificate"","" Letter of recommendation"","" Flexible work hours"","" 5 days a week""]"
5f9fccacafb880e3b8804ea3,2020-11-02 14:38:59,Mobile App Development,TrustServiceU2U,Work From Home,Immediately, 5000 /month,2 Months,"8 Nov' 20",Internship,"[""Flutter"",""Firebase"",""Firebase Cloud Messaging"",""Cloud Firestore"",""Certificate"","" Letter of recommendation"","" Flexible work hours"","" 5 days a week""]"
5f9fccafafb880e3b8804ea4,2020-11-02 14:39:01,Growth/Data Engineering,AT&C,Work From Home,Immediately, 5000 /month,6 Months,"7 Nov' 20",Internship,"[""Data Analytics"",""Machine Learning"",""Data Science"",""Certificate"","" Letter of recommendation"","" Flexible work hours"","" 5 days a week""]"
5f9fccafafb880e3b8804ea5,2020-11-02 14:39:03,Gaming,Snapcut,Work From Home,Immediately, 10000 /month,3 Months,"7 Nov' 20",Internship,[]
5f9fccb0afb880e3b8804ea6,2020-11-02 14:39:03,Blockchain And Smart Contract Code Writing,Himalaya Labs,Work From Home,Immediately, 5000 /month,3 Months,"7 Nov' 20",Internship,"[""Java"",""PHP"",""JavaScript"",""Ruby on Rails"",""Adobe Photoshop"",""Adobe Illustrator"",""Bootstrap"",""Creative Writing"",""Adobe Flash"",""C++ Programming"",""Ethereum"",""Certificate""]"
5f9fccb1afb880e3b8804ea7,2020-11-02 14:39:04,Business Development (Sales),Clarity Medical,Work From Home,Immediately, 6000 /month +  Incentives,3 Months,"7 Nov' 20",Internship,"[""Digital Marketing"",""Creative Writing"",""Report Writing"",""English Proficiency (Spoken)"",""English Proficiency (Written)"",""Certificate"","" Letter of recommendation"","" Flexible work hours""]"
5f9fccb3afb880e3b8804ea8,2020-11-02 14:39:05,Graphic Design,"PageHits, Inc.",Work From Home,Immediately, 2000 /month +  Incentives,3 Months,"7 Nov' 20",Internship,"[""Adobe Photoshop"",""Adobe Illustrator"",""Figma"",""Certificate"","" Letter of recommendation"","" Flexible work hours"","" 5 days a week""]"
5f9fccb3afb880e3b8804ea9,2020-11-02 14:39:07,Social Media Marketing,"PageHits, Inc.",Work From Home,Immediately, 2500 /month +  Incentives,3 Months,"7 Nov' 20",Internship,"[""Certificate"","" Letter of recommendation"","" Flexible work hours"","" 5 days a week""]"
5f9fccb4afb880e3b8804eaa,2020-11-02 14:39:07,Content Writing,Digimode LLP,Work From Home,Immediately, 5000 lump sum,2 Months,"7 Nov' 20",Internship,"[""Search Engine Marketing (SEM)"",""Search Engine Optimization (SEO)"",""English Proficiency (Spoken)"",""English Proficiency (Written)"",""Certificate"","" Flexible work hours""]"
5f9fccb5afb880e3b8804eab,2020-11-02 14:39:08,Graphic Design,Plootus,Work From Home,Immediately, 6000 /month,3 Months,"27 Nov' 20",Internship,"[""Adobe Photoshop"",""Adobe Premiere Pro"",""Final Cut Pro"",""Animation"",""Adobe After Effects"",""Certificate"","" Letter of recommendation"","" Flexible work hours""]"
5f9fccb6afb880e3b8804eac,2020-11-02 14:39:09,Graphic Design,Digimode LLP,Work From Home,Immediately, 5000 lump sum,2 Months,"7 Nov' 20",Internship,"[""Adobe Photoshop"",""Adobe Illustrator"",""Certificate"","" Letter of recommendation"","" Flexible work hours""]"
5f9fccb7afb880e3b8804ead,2020-11-02 14:39:10,Social Media Marketing,Tricky Coders,Work From Home,Immediately, 1000-1100 /month,1 Month,"7 Nov' 20",Internship,"[""Social Media Marketing"",""Certificate"","" Flexible work hours"","" 5 days a week""]"
5f9fccb8afb880e3b8804eae,2020-11-02 14:39:11,Business Analysis,JM Grove Construction And Supply,Work From Home,Immediately, 3000 /month,6 Months,"7 Nov' 20",Internship,"[""MS-Office"",""Adobe XD"",""Certificate"","" 5 days a week""]"
5f9fccb8afb880e3b8804eaf,2020-11-02 14:39:12,Social Media Marketing,Betickled,Work From Home,Immediately, 1000 /month,2 Months,"7 Nov' 20",Internship,"[""Social Media Marketing"",""Facebook Marketing"",""Instagram Marketing"",""Letter of recommendation"","" 5 days a week""]"
5f9fccb9afb880e3b8804eb0,2020-11-02 14:39:12,Human Resources (HR),Lambda Vision,Work From Home,Immediately, 160 /month,6 Months,"7 Nov' 20",Internship,"[""MS-Word"",""MS-Excel"",""French Proficiency (written)"",""English Proficiency (Spoken)"",""English Proficiency (Written)"",""5 days a week""]"
5f9fccbaafb880e3b8804eb1,2020-11-02 14:39:13,UX/UI Design & Development,Innovatus Technologies Private Limited,Work From Home,Immediately, 5000 /month +  Incentives,6 Months,"6 Nov' 20",Internship,"[""HTML"",""CSS"",""JavaScript"",""Adobe Photoshop"",""Adobe Illustrator"",""Certificate"","" Letter of recommendation""]"
5f9fccbbafb880e3b8804eb2,2020-11-02 14:39:14,Social Media Marketing,Plootus,Work From Home,Immediately, 6000 /month,3 Months,"6 Nov' 20",Internship,"[""Digital Marketing"",""Search Engine Optimization (SEO)"",""Certificate"","" Letter of recommendation"","" Flexible work hours""]"
5f9fccbcafb880e3b8804eb3,2020-11-02 14:39:15,Marketing Operations,She The Pwr,Work From Home,Immediately,Unpaid,3 Months,"6 Nov' 20",Internship,"[""Certificate"","" Letter of recommendation"","" Flexible work hours"","" 5 days a week""]"
5f9fccbdafb880e3b8804eb4,2020-11-02 14:39:16,Marketing,House Of Brilliance Ventures LLP,Work From Home,Immediately, 2000 /month,2 Months,"6 Nov' 20",Internship,"[""Digital Marketing"",""Email Marketing"",""Certificate"","" Letter of recommendation"","" Flexible work hours"","" 5 days a week""]"
5f9fccbeafb880e3b8804eb5,2020-11-02 14:39:17,Web Development,Teenager Startups,Work From Home,Immediately, 1000 /month,4 Months,"6 Nov' 20",Internship,"[""PHP"",""Drupal"",""Nginx"",""Linux"",""Apache"",""REST API"",""ReactJS"",""CI/CD"",""Certificate"","" Flexible work hours"","" 5 days a week""]"
5f9fccbfafb880e3b8804eb6,2020-11-02 14:39:18,Mobile App Development,Allihoop (Good N You AB),Work From Home,Immediately, 18500 /month,2 Months,"6 Nov' 20",Internship,"[""Flutter"",""Firebase""]"
5f9fccbfafb880e3b8804eb7,2020-11-02 14:39:19,Graphic Design,Hadia Mohammed,Work From Home,Immediately, 3000 /month,1 Month,"6 Nov' 20",Internship,"[""Adobe Photoshop"",""Adobe Illustrator"",""Adobe Indesign"",""Adobe After Effects"",""Certificate"","" Letter of recommendation"","" Flexible work hours""]"
5f9fccc0afb880e3b8804eb8,2020-11-02 14:39:19,Influencer Management,Snapcut,Work From Home,Immediately, 15000 /month,2 Months,"6 Nov' 20",Internship,[]
5f9fccc1afb880e3b8804eb9,2020-11-02 14:39:20,React Native Development,Stewards,Work From Home,Immediately, 10000-15000 /month,3 Months,"6 Nov' 20",Internship,"[""React Native"",""ReactJS"",""Certificate"","" Letter of recommendation"","" 5 days a week""]"
5f9fccc2afb880e3b8804eba,2020-11-02 14:39:21,Content Writing,RightMark Solutions,Work From Home,Immediately, 12000 /month,1 Month,"6 Nov' 20",Internship,"[""English Proficiency (Written)"",""Certificate"","" Letter of recommendation"","" Flexible work hours""]"
5f9fccc2afb880e3b8804ebb,2020-11-02 14:39:22,Web Development,Lambda Vision,Work From Home,Immediately, 160 /month,6 Months,"6 Nov' 20",Internship,"[""MySQL"",""JavaScript"",""Python"",""Node.js"",""Vue Js"",""5 days a week""]"
5f9fccc3afb880e3b8804ebc,2020-11-02 14:39:22,Social Media Marketing,ValueMantra Pte Ltd,Work From Home,Immediately, 2500 /month,2 Months,"6 Nov' 20",Internship,"[""HTML"",""WordPress"",""Google AdWords"",""Facebook Marketing"",""Natural Language Processing (NLP)"",""Video Making"",""Certificate"","" Letter of recommendation"","" Flexible work hours""]"
5f9fccc4afb880e3b8804ebd,2020-11-02 14:39:23,WordPress Development,AIMAKERY™ LONDON (UK),Work From Home,Immediately, 5000-7000 /month,3 Months,"5 Nov' 20",Internship,"[""PHP"",""HTML"",""CSS"",""JavaScript"",""WordPress"",""Certificate"","" Letter of recommendation"","" Flexible work hours""]"
5f9fccc5afb880e3b8804ebe,2020-11-02 14:39:24,Business Development (Sales),AIMAKERY™ LONDON (UK),Work From Home,Immediately, 8000 /month +  Incentives,3 Months,"5 Nov' 20",Internship,"[""Email Marketing"",""MS-Excel"",""English Proficiency (Spoken)"",""Certificate"","" Letter of recommendation"","" Flexible work hours""]"
5f9fccc6afb880e3b8804ebf,2020-11-02 14:39:25,Content Development,Teenager Startups,Work From Home,Immediately, 1000 /month +  Incentives,3 Months,"5 Nov' 20",Internship,"[""MS-Office"",""MS-PowerPoint"",""Report Writing"",""English Proficiency (Spoken)"",""English Proficiency (Written)"",""Certificate"","" Flexible work hours"","" 5 days a week""]"
5f9fccc7afb880e3b8804ec0,2020-11-02 14:39:26,Business Development (Sales),Digital Stout Innovation,Work From Home,Immediately, 8000 /month +  Incentives,6 Months,"5 Nov' 20",Internship,"[""MS-Excel"",""Flexible work hours""]"
5f9fccc8afb880e3b8804ec1,2020-11-02 14:39:27,User Research,Vyng Inc,Work From Home,Immediately, 1000 lump sum,1 Week,"5 Nov' 20",Internship,"[""Flexible work hours""]"
5f9fccc8afb880e3b8804ec2,2020-11-02 14:39:28,Content Writing (Blockchain),EtherWorld,Work From Home,Immediately, 2000 /month,3 Months,"5 Nov' 20",Internship,"[""Creative Writing"",""Report Writing"",""Blockchain"",""Certificate"","" Flexible work hours"","" 5 days a week""]"
5f9fccc9afb880e3b8804ec3,2020-11-02 14:39:28,Python/Django Development,Teenager Startups,Work From Home,Immediately, 3000 lump sum,3 Months,"5 Nov' 20",Internship,"[""HTML"",""CSS"",""JavaScript"",""Python"",""Django"",""Certificate"","" Letter of recommendation"","" Flexible work hours"","" 5 days a week""]"
5f9fcccaafb880e3b8804ec4,2020-11-02 14:39:29,Human Resources (HR),Tushar Chaturvedi,Work From Home,Immediately, 5000 /month,2 Months,"4 Nov' 20",Internship,"[""Flexible work hours"","" 5 days a week""]"
5f9fcccbafb880e3b8804ec5,2020-11-02 14:39:30,Business Development (Sales),EnR Consultancy Services,Work From Home,Immediately, 1000-6000 /month,1 Month,"4 Nov' 20",Internship,"[""MS-Office"",""Certificate"","" Letter of recommendation"","" Flexible work hours""]"
5f9fccccafb880e3b8804ec6,2020-11-02 14:39:31,Web Development,EnR Consultancy Services,Work From Home,Immediately, 1000-6000 /month,1 Month,"4 Nov' 20",Internship,"[""Java"",""PHP"",""WordPress"",""Node.js"",""ReactJS"",""MEAN/MERN Stack"",""Certificate"","" Letter of recommendation"","" Flexible work hours""]"
5f9fcccdafb880e3b8804ec7,2020-11-02 14:39:32,Content Writing,Investocracy,Work From Home,Immediately, 1000 /month,2 Months,"25 Nov' 20",Internship,"[""Adobe Photoshop"",""Blogging"",""Adobe Illustrator"",""Creative Writing"",""UI & UX Design"",""Copywriting"",""Report Writing"",""Certificate"","" Letter of recommendation"","" Flexible work hours""]"
5f9fccceafb880e3b8804ec8,2020-11-02 14:39:33,Social Media Marketing,Investocracy,Work From Home,Immediately, 1000 /month,2 Months,"4 Nov' 20",Internship,"[""Social Media Marketing"",""Search Engine Marketing (SEM)"",""Digital Marketing"",""Facebook Marketing"",""Email Marketing"",""UI & UX Design"",""Instagram Marketing"",""Certificate"","" Letter of recommendation"","" Flexible work hours""]"
5f9fccceafb880e3b8804ec9,2020-11-02 14:39:34,Business Development (Sales),Investocracy,Work From Home,Immediately, 1000 /month,2 Months,"4 Nov' 20",Internship,"[""Search Engine Marketing (SEM)"",""Digital Marketing"",""Creative Writing"",""Email Marketing"",""Report Writing"",""Certificate"","" Letter of recommendation"","" Flexible work hours""]"
5f9fcccfafb880e3b8804eca,2020-11-02 14:39:34,Digital Marketing,Tricky Coders,Work From Home,Immediately, 1000-1100 /month,1 Month,"4 Nov' 20",Internship,"[""Digital Marketing"",""Certificate"","" Flexible work hours"","" 5 days a week""]"
5f9fccd0afb880e3b8804ecb,2020-11-02 14:39:35,Graphic Design,Akaraka Limited,Work From Home,Immediately,Unpaid,1 Month,"4 Nov' 20",Internship,"[""Letter of recommendation"","" Flexible work hours"","" 5 days a week""]"
5f9fccd2afb880e3b8804ecc,2020-11-02 14:39:37,Content Writing,Micky News,Work From Home,Immediately, 100 /month,6 Months,"4 Nov' 20",Internship,"[""Search Engine Optimization (SEO)"",""Creative Writing"",""Report Writing"",""Letter of recommendation"","" Flexible work hours"","" 5 days a week""]"
5f9fccd3afb880e3b8804ecd,2020-11-02 14:39:38,SEO Content Writing,Micky News,Work From Home,Immediately, 100 /month,6 Months,"4 Nov' 20",Internship,"[""Search Engine Optimization (SEO)"",""Creative Writing"",""Report Writing"",""Certificate"","" Letter of recommendation"","" Flexible work hours"","" 5 days a week""]"
5f9fccd3afb880e3b8804ece,2020-11-02 14:39:39,Conversion Copywriting,Micky News,Work From Home,Immediately, 100 /month,6 Months,"4 Nov' 20",Internship,"[""Creative Writing"",""Report Writing"",""Certificate"","" Letter of recommendation"","" Flexible work hours"","" 5 days a week""]"
5f9fccd5afb880e3b8804ecf,2020-11-02 14:39:39,Digital Marketing,Tutor Here,Work From Home,Immediately,Unpaid,3 Months,"4 Nov' 20",Internship,"[""Social Media Marketing"",""Adobe Photoshop"",""Google Analytics"",""Adobe Illustrator"",""Search Engine Marketing (SEM)"",""Video Editing"",""Digital Marketing"",""Google AdWords"",""Search Engine Optimization (SEO)"",""Creative Writing"",""Video Making"",""Copywriting"",""Animation"",""English Proficiency (Written)"",""Instagram Marketing"",""Letter of recommendation"","" Flexible work hours""]"
5f9fccd6afb880e3b8804ed0,2020-11-02 14:39:41,Business Development (Sales),Nimai Management Consultants,Work From Home,Immediately, 5000 /month,3 Months,"3 Nov' 20",Internship,[]
5f9fccd7afb880e3b8804ed1,2020-11-02 14:39:42,Web Development,App Infoweb Private Limited,Work From Home,Immediately, 4000-7000 /month,6 Months,"3 Nov' 20",Internship,"[""HTML"",""CSS"",""JavaScript"",""Python"",""ReactJS"",""Certificate"","" Letter of recommendation"","" Flexible work hours""]"
5f9fccd8afb880e3b8804ed2,2020-11-02 14:39:43,Graphic Design,App Infoweb Private Limited,Work From Home,Immediately, 4000-6000 /month,6 Months,"3 Nov' 20",Internship,"[""Adobe Photoshop"",""Adobe Illustrator"",""Certificate"","" Letter of recommendation"","" Flexible work hours""]"
5f9fccd9afb880e3b8804ed3,2020-11-02 14:39:44,Mobile App Development,App Infoweb Private Limited,Work From Home,Immediately, 4000-6000 /month,6 Months,"3 Nov' 20",Internship,"[""Swift"",""iOS"",""Android"",""Kotlin"",""Certificate"","" Letter of recommendation"","" Flexible work hours""]"
5f9fccd9afb880e3b8804ed4,2020-11-02 14:39:45,Content Writing,App Infoweb Private Limited,Work From Home,Immediately, 3000-5000 /month,6 Months,"3 Nov' 20",Internship,"[""Certificate"","" Letter of recommendation"","" Flexible work hours""]"
5f9fccdaafb880e3b8804ed5,2020-11-02 14:39:45,Content Writing,Western International Group,Work From Home,Immediately, 5000-10000 /month,2 Months,"3 Nov' 20",Internship,"[""Adobe Photoshop"",""WordPress"",""Creative Writing"",""Copywriting"",""Certificate"","" Letter of recommendation""]"
5f9fccdbafb880e3b8804ed6,2020-11-02 14:39:46,Video Making/Editing & Voice Over,For Women In India,Work From Home,Immediately, 2000 /month,1 Month,"3 Nov' 20",Internship,"[""English Proficiency (Spoken)"",""English Proficiency (Written)"",""Hindi Proficiency (Spoken)"",""Hindi Proficiency (Written)"",""Certificate"","" Flexible work hours""]"
5f9fccdcafb880e3b8804ed7,2020-11-02 14:39:47,Digital Marketing,Siroya Jewellers,Work From Home,Immediately, 5000-10000 /month,6 Months,"3 Nov' 20",Internship,"[""Certificate"","" Letter of recommendation"","" Flexible work hours"","" 5 days a week""]"
5f9fccdcafb880e3b8804ed8,2020-11-02 14:39:48,Corporate Communication,No Sir No Madam,Work From Home,Immediately, 3000-5000 /month,4 Months,"2 Nov' 20",Internship,"[""English Proficiency (Spoken)"",""Certificate"","" Letter of recommendation"","" Flexible work hours"","" 5 days a week""]"
5f9fccddafb880e3b8804ed9,2020-11-02 14:39:48,Mobile App Development,Lokesh Babu,Work From Home,Immediately, 17000 /month,1 Month,"2 Nov' 20",Internship,"[""Flutter"",""Android"",""Certificate"","" Letter of recommendation"","" Flexible work hours""]"
5f9fccdeafb880e3b8804eda,2020-11-02 14:39:49,Graphic Design,HRM Solutions,Work From Home,Immediately, 12000 /month,3 Months,"2 Nov' 20",Internship,"[""Certificate"","" Letter of recommendation""]"
5f9fccdfafb880e3b8804edb,2020-11-02 14:39:50,Content Writing,Price & Poors Inc,Work From Home,Immediately, 1500 /month,2 Months,"20 Nov' 20",Internship,"[""Social Media Marketing"",""English Proficiency (Written)"",""Certificate"","" Letter of recommendation"","" Flexible work hours"","" 5 days a week""]"
5f9fcce0afb880e3b8804edc,2020-11-02 14:39:51,Cloud Computing,SKILL GEEK PRIVATE LIMITED,Work From Home,Immediately, 3000 /month,1 Month,"19 Nov' 20",Internship,"[""Cloud Computing"",""Report Writing"",""Google Cloud Computing"",""Certificate"","" Letter of recommendation""]"
5f9fcce0afb880e3b8804edd,2020-11-02 14:39:52,Digital Marketing,Vouchery.io,Work From Home,Immediately, 2000 /month,3 Months,"17 Nov' 20",Internship,"[""MS-PowerPoint"",""Creative Writing"",""English Proficiency (Spoken)"",""English Proficiency (Written)"",""Certificate"","" Letter of recommendation"","" Flexible work hours"","" 5 days a week""]"
5f9fcce1afb880e3b8804ede,2020-11-02 14:39:52,International Business Development,TechKaTech Innovation Hub,Work From Home,Immediately, 2000-3000 /month,2 Months,"4 Nov' 20",Internship,"[""English Proficiency (Spoken)"",""Certificate"","" Letter of recommendation"","" Flexible work hours""]"
5f9fcce2afb880e3b8804edf,2020-11-02 14:39:53,Django Development,Musicperk,Work From Home,Immediately, 1000 /month +  Incentives,6 Months,"4 Nov' 20",Internship,"[""Python"",""Django"",""Certificate"","" Letter of recommendation"","" Flexible work hours""]"
5f9fcce3afb880e3b8804ee0,2020-11-02 14:39:54,RTC Summer Research Program,Lunenfeld-Tanenbaum Research Institute,Toronto (Canada),Nothing, 525 /week,3 Months,Not Provided,Internship,"[""Certificate""]"